{
  "model_name": "crnn_small",
  "feature_type": "logmel",
  "rnn_type": "lstm",
  "bidirectional": true,
  "best_val_loss": 1.0501405831207247,
  "best_val_acc": 0.6605392156862745,
  "test_loss": 0.830074393336206,
  "test_acc": 0.7132616487455197,
  "avg_epoch_time_sec": 115.416844,
  "total_params": 150250,
  "trainable_params": 150250,
  "class_names": [
    "air_conditioner",
    "car_horn",
    "children_playing",
    "dog_bark",
    "drilling",
    "engine_idling",
    "gun_shot",
    "jackhammer",
    "siren",
    "street_music"
  ],
  "feature_shape": [
    1,
    64,
    126
  ],
  "classification_report": {
    "air_conditioner": {
      "precision": 0.8315789473684211,
      "recall": 0.79,
      "f1-score": 0.8102564102564103,
      "support": 100.0
    },
    "car_horn": {
      "precision": 0.76,
      "recall": 0.5757575757575758,
      "f1-score": 0.6551724137931034,
      "support": 33.0
    },
    "children_playing": {
      "precision": 0.4968944099378882,
      "recall": 0.8,
      "f1-score": 0.6130268199233716,
      "support": 100.0
    },
    "dog_bark": {
      "precision": 0.7804878048780488,
      "recall": 0.64,
      "f1-score": 0.7032967032967034,
      "support": 100.0
    },
    "drilling": {
      "precision": 0.7582417582417582,
      "recall": 0.69,
      "f1-score": 0.7225130890052356,
      "support": 100.0
    },
    "engine_idling": {
      "precision": 0.8787878787878788,
      "recall": 0.6236559139784946,
      "f1-score": 0.7295597484276729,
      "support": 93.0
    },
    "gun_shot": {
      "precision": 0.9411764705882353,
      "recall": 1.0,
      "f1-score": 0.9696969696969697,
      "support": 32.0
    },
    "jackhammer": {
      "precision": 0.6691729323308271,
      "recall": 0.9270833333333334,
      "f1-score": 0.777292576419214,
      "support": 96.0
    },
    "siren": {
      "precision": 0.6101694915254238,
      "recall": 0.43373493975903615,
      "f1-score": 0.5070422535211268,
      "support": 83.0
    },
    "street_music": {
      "precision": 0.7802197802197802,
      "recall": 0.71,
      "f1-score": 0.743455497382199,
      "support": 100.0
    },
    "accuracy": 0.7132616487455197,
    "macro avg": {
      "precision": 0.7506729473878262,
      "recall": 0.7190231762828441,
      "f1-score": 0.7231312481722008,
      "support": 837.0
    },
    "weighted avg": {
      "precision": 0.7366210981494092,
      "recall": 0.7132616487455197,
      "f1-score": 0.7126158848914446,
      "support": 837.0
    }
  },
  "confusion_matrix": [
    [
      79,
      0,
      11,
      1,
      0,
      3,
      0,
      5,
      1,
      0
    ],
    [
      2,
      19,
      0,
      0,
      2,
      0,
      0,
      3,
      0,
      7
    ],
    [
      0,
      0,
      80,
      11,
      5,
      0,
      0,
      0,
      1,
      3
    ],
    [
      0,
      2,
      18,
      64,
      7,
      0,
      1,
      3,
      0,
      5
    ],
    [
      1,
      0,
      3,
      2,
      69,
      2,
      1,
      11,
      10,
      1
    ],
    [
      13,
      0,
      1,
      0,
      0,
      58,
      0,
      19,
      0,
      2
    ],
    [
      0,
      0,
      0,
      0,
      0,
      0,
      32,
      0,
      0,
      0
    ],
    [
      0,
      0,
      0,
      0,
      6,
      1,
      0,
      89,
      0,
      0
    ],
    [
      0,
      0,
      35,
      4,
      1,
      2,
      0,
      3,
      36,
      2
    ],
    [
      0,
      4,
      13,
      0,
      1,
      0,
      0,
      0,
      11,
      71
    ]
  ],
  "resolved_data_dir": "data"
}