{
  "model_name": "crnn_small",
  "feature_type": "logmel",
  "rnn_type": "gru",
  "bidirectional": false,
  "best_val_loss": 0.9546422341509777,
  "best_val_acc": 0.7377450980392157,
  "test_loss": 0.7445810607399707,
  "test_acc": 0.7598566308243727,
  "avg_epoch_time_sec": 107.623412,
  "total_params": 71338,
  "trainable_params": 71338,
  "class_names": [
    "air_conditioner",
    "car_horn",
    "children_playing",
    "dog_bark",
    "drilling",
    "engine_idling",
    "gun_shot",
    "jackhammer",
    "siren",
    "street_music"
  ],
  "feature_shape": [
    1,
    64,
    126
  ],
  "classification_report": {
    "air_conditioner": {
      "precision": 0.8571428571428571,
      "recall": 0.72,
      "f1-score": 0.782608695652174,
      "support": 100.0
    },
    "car_horn": {
      "precision": 0.9130434782608695,
      "recall": 0.6363636363636364,
      "f1-score": 0.75,
      "support": 33.0
    },
    "children_playing": {
      "precision": 0.5290322580645161,
      "recall": 0.82,
      "f1-score": 0.6431372549019608,
      "support": 100.0
    },
    "dog_bark": {
      "precision": 0.8229166666666666,
      "recall": 0.79,
      "f1-score": 0.8061224489795918,
      "support": 100.0
    },
    "drilling": {
      "precision": 0.8,
      "recall": 0.8,
      "f1-score": 0.8,
      "support": 100.0
    },
    "engine_idling": {
      "precision": 0.9,
      "recall": 0.6774193548387096,
      "f1-score": 0.7730061349693251,
      "support": 93.0
    },
    "gun_shot": {
      "precision": 0.9696969696969697,
      "recall": 1.0,
      "f1-score": 0.9846153846153847,
      "support": 32.0
    },
    "jackhammer": {
      "precision": 0.7586206896551724,
      "recall": 0.9166666666666666,
      "f1-score": 0.8301886792452831,
      "support": 96.0
    },
    "siren": {
      "precision": 0.6027397260273972,
      "recall": 0.5301204819277109,
      "f1-score": 0.5641025641025641,
      "support": 83.0
    },
    "street_music": {
      "precision": 0.8620689655172413,
      "recall": 0.75,
      "f1-score": 0.8021390374331551,
      "support": 100.0
    },
    "accuracy": 0.7598566308243727,
    "macro avg": {
      "precision": 0.801526161103169,
      "recall": 0.7640570139796724,
      "f1-score": 0.7735920199899439,
      "support": 837.0
    },
    "weighted avg": {
      "precision": 0.7823557897481607,
      "recall": 0.7598566308243727,
      "f1-score": 0.7623257259075122,
      "support": 837.0
    }
  },
  "confusion_matrix": [
    [
      72,
      0,
      17,
      0,
      0,
      3,
      0,
      2,
      6,
      0
    ],
    [
      2,
      21,
      0,
      2,
      2,
      0,
      0,
      1,
      0,
      5
    ],
    [
      0,
      0,
      82,
      11,
      3,
      1,
      0,
      0,
      1,
      2
    ],
    [
      0,
      0,
      10,
      79,
      4,
      0,
      0,
      3,
      1,
      3
    ],
    [
      1,
      0,
      3,
      1,
      80,
      0,
      1,
      1,
      12,
      1
    ],
    [
      9,
      0,
      2,
      0,
      0,
      63,
      0,
      18,
      0,
      1
    ],
    [
      0,
      0,
      0,
      0,
      0,
      0,
      32,
      0,
      0,
      0
    ],
    [
      0,
      0,
      0,
      0,
      7,
      1,
      0,
      88,
      0,
      0
    ],
    [
      0,
      0,
      31,
      3,
      0,
      2,
      0,
      3,
      44,
      0
    ],
    [
      0,
      2,
      10,
      0,
      4,
      0,
      0,
      0,
      9,
      75
    ]
  ],
  "resolved_data_dir": "data"
}